timestamp_us,x,y,z,qx,qy,qz,qw,vx,vy,wz,u_steering_angle,u_longitudinal_actuation,ref_traj_0_x,ref_traj_0_y,front_steering_angle,acceleration,x_ref_0,y_ref_0,yaw_ref_0
269969271585,5.063024044036865,-0.005698996130377054,-0.0005332193686626852,-0.003717112587764859,-0.00040978597826324403,-7.684232696192339e-05,0.9999930262565613,5.058538364432079,-0.007548684278664992,-0.005108155489947599,-0.00717477881368807,3.2173399304125248,0.0,0.0,-0.004381583627996526,2.031618303913982,0.0,0.0,0.0
269969371585,5.580246925354004,-0.005896874237805605,-0.00010813350672833622,-0.0037169549614191055,-0.00041121357935480773,-0.00046091165859252214,0.9999929666519165,5.295655296141434,-0.013920376693538182,-0.00919358724481584,-0.006022326422944143,2.95295684468149,0.0,0.0,-0.005417645457435595,2.6134058315019253,-0.4982261657714844,-6.686616688966751e-05,0.00010917520557995886
269969471585,6.122950553894043,-0.006582912988960743,0.0003414508537389338,-0.0037167586851865053,-0.00041298320866189897,-0.0009370223851874471,0.9999926090240479,5.559008323707454,-0.014528294263207439,-0.009604014530092799,-0.004941619970164335,2.6680115469757655,0.0,0.0,-0.005117054872049156,2.6478871028174957,-1.015449047088623,-0.000726909376680851,0.0008773193694651127
269969571585,6.6917219161987305,-0.007842481136322021,0.0008166487095877528,-0.0037165703251957893,-0.00041467646951787174,-0.0013925994280725718,0.9999921321868896,5.813492402160217,-0.012871288031445362,-0.008531871459445709,-0.003676279133170213,2.36828097343026,0.0,0.0,-0.004207264042900947,2.4713272917201294,-1.558152675628662,-0.0020231991074979305,0.0018295476911589503
269969671585,7.28488302230835,-0.009668640792369843,0.0013160345843061805,-0.003716405015438795,-0.000416156486608088,-0.001790823182091117,0.9999915361404419,6.0454314936576905,-0.011212162345192457,-0.007467922334576725,-0.003186920151321036,2.0590627594211957,0.0,0.0,-0.0035629586939927953,2.2109991361665884,-2.126923084259033,-0.0037657450884580612,0.0027407093439251184
269969771585,7.588505744934082,-0.007606188300997019,-0.01158970221877098,-0.010676662437617779,-0.003945793025195599,-0.00016638402303215116,0.9999352097511292,5.500361640336684,-0.010375643228644947,-0.006891517006724234,-0.004003621237979651,-1.803506563809269,0.0,0.0,-0.0038412190300394773,-0.32399667952025907,0.0,0.0,-4.365575262399446e-11
269969871585,8.135211944580078,-0.007880215533077717,-0.007270574104040861,-0.010675214231014252,-0.003949709236621857,-0.0005332073196768761,0.9999350905418396,5.420506360272244,-0.011641088843422607,-0.007691092670203859,-0.004508768349410205,-1.6116584068542539,0.0,0.0,-0.004262749065824349,-1.137102285730111,-0.548499584197998,-0.00040369946509599686,0.0006225084653124213
269969971585,8.671148300170898,-0.008555073291063309,-0.003027857281267643,-0.010673747397959232,-0.003953671548515558,-0.0009044099715538323,0.9999348521232605,5.295250770465042,-0.010673215009150134,-0.007015608714220212,-0.003511980080388021,-1.4503743968198424,0.0,0.0,-0.003788669221663212,-1.334920784477947,-1.0952215194702148,-0.0010690554045140743,0.001356202526949346
269970071585,9.194005012512207,-0.009586738422513008,0.001119289081543684,-0.010672497563064098,-0.003957042936235666,-0.0012203117366880178,0.9999344944953918,5.162420661700153,-0.008592966713653769,-0.005626212511655751,-0.0025953353709703975,-1.3169588830844392,0.0,0.0,-0.0030351278035399424,-1.3235785799134858,-1.631174087524414,-0.0021315505728125572,0.0020986562594771385
269970171585,9.70376205444336,-0.010889878496527672,0.005168885458260775,-0.010671493597328663,-0.0039597502909600735,-0.0014739524340257049,0.999934196472168,5.034292693580512,-0.007054909198965682,-0.004612695137154357,-0.0023220880508072646,-1.2088046457846326,0.0,0.0,-0.0025848724235048377,-1.2511035445017014,-2.154046058654785,-0.0033624712377786636,0.002730501350015402
269970271585,10.344160079956055,-0.0060010189190506935,-0.01556397695094347,-0.012460608966648579,-0.0016241671983152628,0.0003424733877182007,0.9999210834503174,5.762237869715338,0.020892351558023246,0.0141351415552567,0.017027150434489487,-4.607610732440193,0.0,0.0,0.009799316215826128,-3.370600267796446,0.0,0.0,1.4551915228366852e-11
269970371585,10.902512550354004,-0.005290147382766008,-0.013762785121798515,-0.012461927719414234,-0.0016140220686793327,0.0011565494351089,0.9999204874038696,5.396715295844924,0.023976984669560247,0.015793373065952982,0.007363967133962771,-4.142903709261027,0.0,0.0,0.00826149308300618,-3.858278238353329,-0.5904369354248047,7.279496639966965e-05,-0.000469034886918962
269970471585,11.423060417175293,-0.003782294224947691,-0.012104611843824387,-0.012462999671697617,-0.0016057273605838418,0.001822077319957316,0.9999195337295532,5.015723388918528,0.016584916648623087,0.010806416559139609,0.004212522914686083,-3.7270603519323244,0.0,0.0,0.005704734368080443,-3.775419521021699,-1.1487922668457031,0.001637401059269905,-0.0020973163191229105
269970571585,11.906298637390137,-0.001760212704539299,-0.010580798611044884,-0.012463774532079697,-0.0015996953006833792,0.0023060182575136423,0.999918520450592,4.65357878385304,0.01280881024428174,0.008193923245443721,0.0014909266736054946,-3.3576275339612476,0.0,0.0,0.0030438875112264907,-3.511601004328073,-1.6693410873413086,0.003576558083295822,-0.003428479190915823
269970671585,12.354722023010254,0.00046750716865062714,-0.009175525978207588,-0.012464194558560848,-0.001596426242031157,0.002568280091509223,0.9999179244041443,4.3201016636701155,0.0026389658681702692,0.0017106105841594372,-0.007458102211219158,-3.0317905903555453,0.0,0.0,-0.003587688576197199,-3.208620392854375,-2.1525821685791016,0.0054182372987270355,-0.0043964390642941
269970771585,13.393595695495605,-0.0014940990367904305,-0.020014967769384384,-0.013988853432238102,-0.010818985290825367,-1.7165846657007933e-05,0.9998435974121094,6.241410761883987,-0.013922643601628641,-0.009396239914983869,-0.005761212320719242,-0.77939516505194,0.0,0.0,-0.0049601797393539785,-1.674664222888759,0.0,0.0,8.731150524798892e-11
269970871585,14.01048755645752,-0.0015280914958566427,-0.006659765727818012,-0.013984043151140213,-0.0108252028003335,-0.0004616192018147558,0.9998435378074646,6.109503237857412,-0.01157343771602654,-0.00770240835540978,-0.002485085140829269,-0.7098082170266028,0.0,0.0,-0.0033972589417257696,-1.0653971996496092,-0.6344242095947266,-0.00026519037783145905,0.0006057308055460453
269970971585,14.616496086120605,-0.0020523960702121258,0.006473574787378311,-0.013981109485030174,-0.01082899235188961,-0.0007325951009988785,0.999843418598175,6.01776535434373,-0.0047441796537590515,-0.0031007406336187185,0.0004716719302056398,-0.6637638112229642,0.0,0.0,-0.0009541876635888943,-0.8117821757357564,-1.251460075378418,-0.001178136095404625,0.0014947765739634633
269971071585,15.214301109313965,-0.002797098131850362,0.019435489550232887,-0.013980688527226448,-0.010829535312950611,-0.0007714546518400311,0.999843418598175,5.942985463690211,0.0018959736320698552,0.0013216134852283494,0.0023949759811838457,-0.6381698182676717,0.0,0.0,0.001160671913170572,-0.7021530874682342,-1.8576107025146484,-0.0020366832613945007,0.0020368134137243032
269971171585,15.805045127868652,-0.0034927581436932087,0.03224316984415054,-0.013982126489281654,-0.010827678255736828,-0.0006386765744537115,0.9998435378074646,5.875431817692201,0.005458158324701111,0.0036589005614441747,0.0025964064337752903,-0.6299314660380904,0.0,0.0,0.0020672794195920998,-0.6565480935262314,-2.455556869506836,-0.002177741378545761,0.0021145448554307222
269971271585,16.702421188354492,-0.000679204473271966,0.012140797451138496,-0.01595631241798401,-0.008353900164365768,0.0003552473499439657,0.9998378157615662,7.052369458289669,0.01699140630761401,0.011922493838844885,0.009483769809119746,0.06633724058780505,0.0,0.0,0.006750489136954654,-0.20007563236831308,0.0,0.0,0.0
269971371585,17.406993865966797,0.000294550321996212,0.023895293474197388,-0.015961511060595512,-0.008343962021172047,0.0009778398089110851,0.9998373985290527,7.044545597455167,0.016138008858112063,0.010967465691919344,0.0025946829908304095,0.13051724342354487,0.0,0.0,0.004126267880700366,0.008680219400257452,-0.7068071365356445,0.0009856335818767548,-0.000546788505744189
269971471585,18.1115779876709,0.002085896907374263,0.035623885691165924,-0.015964364632964134,-0.008338498882949352,0.0013200041139498353,0.9998369812965393,7.05062720079188,0.0037618401224323987,0.0024480572516341658,-0.002537757391667746,0.15014566317013475,0.0,0.0,-8.179095483352332e-05,0.09800984920326873,-1.4114751815795898,0.002458013594150543,-0.001792175811715424
269971571585,18.817073822021484,0.004161474294960499,0.047358643263578415,-0.015963474288582802,-0.008340203203260899,0.0012132474221289158,0.9998371005058289,7.061638471774525,-0.009174369503538915,-0.006379535850772881,-0.005911162943781378,0.1308497805032752,0.0,0.0,-0.0037628004500134147,0.11874691988010463,-2.1161584854125977,0.0036805495619773865,-0.002476615598425269
269971671585,19.523677825927734,0.005893675144761801,0.05912292003631592,-0.015959272161126137,-0.008348241448402405,0.0007097419584169984,0.9998375773429871,7.072032335530985,-0.01938781352669239,-0.013331982608682841,-0.008058994475866669,0.07856609081384588,0.0,0.0,-0.006475670898542689,0.09337437312935348,-2.8217554092407227,0.003052707761526108,-0.0022630677558481693
269971771585,20.2532901763916,-0.0074452608823776245,0.06401851773262024,-0.02088945172727108,-0.01277898345142603,-0.0037684536073356867,0.999692976474762,7.214073117223093,0.02418941688582213,0.017066883100753896,0.022834497259354828,3.6941501305151294,0.0,0.0,0.012032499020806265,2.367116686723397,0.0,0.0,0.0
269971871585,20.98781967163086,-0.01210616622120142,0.0828879326581955,-0.020904764533042908,-0.012753917835652828,-0.0025693504139781,0.9996967911720276,7.494055821450614,0.03799695984836658,0.02623679506074573,0.010017999920519879,3.5412340124998742,0.0,0.0,0.010760425402885727,3.1085236569480754,-0.71240234375,0.00023643672466278076,3.4996308386325836e-05
269971971585,21.752792358398438,-0.015022103674709797,0.1024581640958786,-0.020918143913149834,-0.012731963768601418,-0.0015197884058579803,0.9996989369392395,7.812750667868359,0.020612622312788622,0.014156579544790646,-0.000509279961221479,3.321321718647517,0.0,0.0,0.0036440683524505517,3.242896911418134,-1.4471874237060547,0.003224588930606842,-0.0023639416322112083
269972071585,22.549760818481445,-0.016734721139073372,0.12279142439365387,-0.020921548828482628,-0.012726371176540852,-0.0012524963822215796,0.9996993541717529,8.129772188507642,-0.004509471808364227,-0.0033600375424574025,-0.007631781258420285,3.045682197135746,0.0,0.0,-0.0034761685379949246,3.118363902161045,-2.212404251098633,0.007262475788593292,-0.004463700111955404
269972171585,23.37754249572754,-0.018508780747652054,0.14391058683395386,-0.020914459601044655,-0.012738020159304142,-0.0018092193640768528,0.9996985197067261,8.427115295033898,-0.025389942489940892,-0.01810617167521172,-0.011173674672473974,2.725102791829003,0.0,0.0,-0.00833682818091076,2.8700356287275097,-3.0096282958984375,0.008586369454860687,-0.004998446442186832
269972271585,24.221088409423828,-0.018566414713859558,0.13893310725688934,-0.01912849396467209,-0.006300646811723709,-0.0022591021843254566,0.999794602394104,8.618642633200764,0.014486673616847117,0.010646031808543618,0.018987350388548686,0.2793814373352973,0.0,0.0,0.008917270708792271,1.2341436843941522,0.0,0.0,0.0
269972371585,25.087871551513672,-0.02190767414867878,0.14991533756256104,-0.01913452334702015,-0.006282315589487553,-0.0013011170085519552,0.9997963309288025,8.709084364546792,0.03175887316367331,0.022747654881411637,0.008228128214795039,0.3394633516686257,0.0,0.0,0.008482105468223429,0.6691897226025011,-0.8536567687988281,-0.00015033036470413208,0.0006753928028047085
269972471585,25.96161651611328,-0.023424558341503143,0.16091486811637878,-0.019140414893627167,-0.006264343857765198,-0.00036222190828993917,0.9997971057891846,8.763699508996467,0.018353150540646387,0.013050238578012316,-0.0002030303384234001,0.33533736107661294,0.0,0.0,0.002997798165171367,0.4583756391823706,-1.7205123901367188,0.0027808919548988342,-0.0012409691698849201
269972571585,26.839969635009766,-0.023584939539432526,0.17192013561725616,-0.01914195343852043,-0.006259644869714975,-0.00011676771100610495,0.9997971653938293,8.802819205280668,-0.004451641876498302,-0.0033169692078607845,-0.006908909022618049,0.27609285624930613,0.0,0.0,-0.0032578813991725112,0.3432715325896583,-2.594318389892578,0.007106632925570011,-0.0031191410962492228
269972671585,27.72167205810547,-0.023722533136606216,0.1829664707183838,-0.019138243049383163,-0.006270979531109333,-0.0007088299607858062,0.9997969269752502,8.830786476009308,-0.027586349029429386,-0.019919926412615033,-0.012388623751856146,0.17070232612268732,0.0,0.0,-0.009023570972936696,0.23430115142596933,-3.472736358642578,0.008546372875571251,-0.003610149258747697
269972771585,28.598295211791992,-0.027968239039182663,0.17861492931842804,-0.0210870411247015,-0.0019385583000257611,-0.0012859494891017675,0.9997749328613281,8.826612070830674,0.009242698295416407,0.006889959124101322,0.016829951460550652,-0.514720570912432,0.0,0.0,0.0073018688414968995,-0.23867536770011433,0.0,0.0,-2.6469779601696886e-23
269972871585,29.47953224182129,-0.02988732047379017,0.18206705152988434,-0.0210886150598526,-0.001921368297189474,-0.00047096621710807085,0.9997757077217102,8.796520729741689,0.029631359393738937,0.021319027660016893,0.008918793145962393,-0.4075522246875138,0.0,0.0,0.008322890270393374,-0.3453141814977827,-0.8832664489746094,-0.0003724135458469391,0.0009637754410505295
269972971585,30.35744285583496,-0.03011982887983322,0.18543526530265808,-0.021090490743517876,-0.0019006734946742654,0.0005100929411128163,0.9997757077217102,8.761743112157305,0.02275978056024121,0.016253286010375786,0.0026557807323273736,-0.35199456291366116,0.0,0.0,0.004744342862645833,-0.3495325685675895,-1.7645092010498047,0.0022292379289865494,-0.000666557636577636
269973071585,31.23187255859375,-0.028799593448638916,0.18872462213039398,-0.02109147422015667,-0.001889739534817636,0.001028398284688592,0.9997753500938416,8.727089895670677,0.0060147642990257405,0.004208665231521122,-0.00289198571282686,-0.34139126590439806,0.0,0.0,-7.768565910956036e-05,-0.34439166960571865,-2.6424179077148438,0.006891582161188126,-0.0026291166432201862
269973171585,32.10281753540039,-0.026885561645030975,0.19197559356689453,-0.02109120786190033,-0.0018927025375887752,0.0008879464585334063,0.9997754693031311,8.691740359320814,-0.013330569307145986,-0.00963900747319973,-0.008106957089860317,-0.36909365464279836,0.0,0.0,-0.005147841489275531,-0.3599899607498894,-3.516847610473633,0.01017945259809494,-0.0036659601610153913
269973271585,32.97163772583008,-0.029239770025014877,0.19202467799186707,-0.023594332858920097,-0.0011886277934536338,0.0005935906665399671,0.9997208118438721,8.726399198801046,0.003281359462038341,0.002484429090019253,0.008275250731046888,1.5572414589016648,0.0,0.0,0.0033282911046576755,0.8506631033494523,0.0,0.0,2.3283067140944524e-10
269973371585,33.84937286376953,-0.028045140206813812,0.19408121705055237,-0.023594584316015244,-0.001183654647320509,0.0008043070556595922,0.9997206926345825,8.835103551292027,0.003964763994284207,0.002816219946424631,-0.0014857161619922078,1.4920583111771735,0.0,0.0,0.00028844281705481527,1.2556778896168246,-0.8698997497558594,-0.00023344159126281738,0.0005493095377460122
269973471585,34.73931884765625,-0.026527361944317818,0.19615189731121063,-0.02359440177679062,-0.001187289715744555,0.0006502840551547706,0.9997208118438721,8.965218879920284,-0.013472407132743747,-0.00979937367067638,-0.008420417694993,1.3790709409657143,0.0,0.0,-0.005210845665104868,1.3335955442999776,-1.7476348876953125,0.00039950013160705566,0.00012775884533766657
269973571585,35.642364501953125,-0.02559918537735939,0.19828195869922638,-0.023593377321958542,-0.0012074577389284968,-0.00020427501294761896,0.9997209906578064,9.094628614185655,-0.033100810201419875,-0.024031203827420328,-0.01279564289838176,1.2264210283798305,0.0,0.0,-0.010000334256267096,1.2659192300261004,-2.6375808715820312,-0.00045014917850494385,0.00043589118286035955
269973671585,36.557857513427734,-0.026564184576272964,0.20053139328956604,-0.023591551929712296,-0.001242619357071817,-0.0016942319925874472,0.9997196197509766,9.212956193191756,-0.047909546919687504,-0.03485350898549576,-0.014889072788891481,1.0416743200538854,0.0,0.0,-0.01308737227548436,1.1243177600189564,-3.5406227111816406,-0.0062062982469797134,0.0021454866509884596
269973771585,37.47488784790039,-0.03348317742347717,0.18408457934856415,-0.025838952511548996,0.005533209070563316,-0.0029247282072901726,0.9996466040611267,9.334546386833843,-0.0023714135484072365,-0.0015449802588382014,0.015876313065672977,1.3728224858727414,0.0,0.0,0.005202007945633744,1.2812383094707958,0.0,0.0,-2.3283061589829401e-10
269973871585,38.414756774902344,-0.0391584187746048,0.17382386326789856,-0.025836799293756485,0.005543251521885395,-0.0025361853186041117,0.9996476769447327,9.46499645518896,0.015351684759117879,0.011267814573956722,0.0032449454863373987,1.3443584915881066,0.0,0.0,0.003966203212467247,1.3210961175077196,-0.92724609375,-0.0011428296566009521,0.002135314978659153
269973971585,39.36771011352539,-0.04399704560637474,0.16337299346923828,-0.025835007429122925,0.005551591049879789,-0.002213500440120697,0.9996484518051147,9.59478656831395,-0.00035740766036887256,-0.00029858956484794786,-0.0055259446902390305,1.2581587856711434,0.0,0.0,-0.0020276991539899254,1.2813537719289914,-1.8671875,0.00021880865097045898,0.0013579546939581633
269974071585,40.33332061767578,-0.04861798882484436,0.15276876091957092,-0.02583741769194603,0.005540361627936363,-0.0026479894295334816,0.9996474385261536,9.717096846243447,-0.022823352696928128,-0.016897811630446475,-0.01080401664038146,1.1232953875668759,0.0,0.0,-0.007569583950734801,1.18154638020089,-2.8202133178710938,0.0017724111676216125,0.0007123577524907887
269974171585,41.31055450439453,-0.05455244332551956,0.14210186898708344,-0.025843942537903786,0.005509847309440374,-0.0038284396287053823,0.9996436834335327,9.826657189468559,-0.03959180904453729,-0.029395208673623913,-0.012797342045861429,0.948348577279193,0.0,0.0,-0.010870698929011888,1.0342915252289757,-3.7858924865722656,-0.001448124647140503,0.0015816418454051018
269974271585,42.28971862792969,-0.0644930973649025,0.10054441541433334,-0.02703518234193325,0.012521457858383656,-0.004471430089324713,0.9995461106300354,9.982405728412296,0.026550303306539156,0.019775977823357264,0.02970521377720316,2.45392702233571,0.0,0.0,0.014751326947934436,1.930733158127325,0.0,0.0,0.0
269974371585,43.297855377197266,-0.07348334789276123,0.07550590485334396,-0.027013394981622696,0.012568391859531403,-0.0027354960329830647,0.9995523691177368,10.192088376855311,0.05504162575649317,0.041355486758019054,0.013076598376608429,2.3814111916108347,0.0,0.0,0.013693804493613803,2.215317865307974,-0.9897003173828125,-0.00023615360260009766,0.0009370046318508685
269974471585,44.32784652709961,-0.07878340780735016,0.04971468821167946,-0.026990853250026703,0.01261673029512167,-0.0009461211739107966,0.9995556473731995,10.414790621370576,0.035734653089996384,0.0271750424342249,0.0013168044362604548,2.24707710057984,0.0,0.0,0.005878236226682385,2.2353725207351856,-1.9981803894042969,0.005996137857437134,-0.00253642862662673
269974571585,45.37993621826172,-0.08089903742074966,0.02319193445146084,-0.026980824768543243,0.01263816375285387,-0.0001522283419035375,0.9995561242103577,10.631855821708655,0.005937448813362075,0.004694030429650867,-0.005589452167693634,2.0597597123426086,0.0,0.0,-0.0013631389930660034,2.124480229696995,-3.028472900390625,0.015803739428520203,-0.006116774864494801
269974671585,46.45301055908203,-0.08193077892065048,-0.0039207469671964645,-0.02698359079658985,0.012632256373763084,-0.00037106534000486135,0.9995560646057129,10.83339489775724,-0.01588927722050955,-0.012116088831793331,-0.007779311481990653,1.8284765999773585,0.0,0.0,-0.005414688954060422,1.9375660691885395,-4.080867767333984,0.02169361710548401,-0.007705266121774912
269974771585,47.53728103637695,-0.0817396268248558,-0.04884875565767288,-0.025729205459356308,0.016900494694709778,-0.0006528165540657938,0.9995259046554565,10.968982293856438,0.016535937126030183,0.012475380369200413,0.01641868957751515,0.3592012952970776,0.0,0.0,0.00837219475124456,0.9408934034936234,0.0,0.0,-1.1641530794914701e-10
269974871585,48.637603759765625,-0.08370480686426163,-0.08602951467037201,-0.025714514777064323,0.0169228408485651,0.00021546887001022696,0.9995261430740356,11.044846732746533,0.020714661382128494,0.0161894818966862,0.0010467174277455826,0.44637848631283794,0.0,0.0,0.003746456054923748,0.6286275009055269,-1.0909500122070312,-1.6160309314727783e-05,0.00030124143813736737
269974971585,49.744388580322266,-0.08384694904088974,-0.12352317571640015,-0.025708694010972977,0.016931680962443352,0.0005591791123151779,0.9995260238647461,11.101908162693883,-0.005669100619940829,-0.004128453787106813,-0.008788249964675877,0.47121433976621235,0.0,0.0,-0.004168697063613581,0.5292275411982579,-2.1919021606445312,0.0033624470233917236,-0.0014361534267663956
269975071585,50.85647201538086,-0.08377908915281296,-0.1612071692943573,-0.025721881538629532,0.016911638900637627,-0.00021979911252856255,0.9995261430740356,11.151615799584212,-0.03395502800170199,-0.02629247682199281,-0.013889620798975,0.4419884724974159,0.0,0.0,-0.010307061992053055,0.474139644792386,-3.2993202209472656,0.005286425352096558,-0.0021238995250314474
269975171585,51.97322463989258,-0.08596977591514587,-0.1989329755306244,-0.025750337168574333,0.01686827838420868,-0.0019037878373637795,0.9995243549346924,11.195064029353334,-0.05050218887596152,-0.039470635593932366,-0.01428064523173789,0.36653330320983085,0.0,0.0,-0.012816216951266345,0.4061906503110013,-4.41204833984375,-0.0013831108808517456,-0.0005652043619193137
269975271585,53.09976577758789,-0.08885388821363449,-0.2292141318321228,-0.02349921129643917,0.014211746864020824,-0.003004828467965126,0.9996183514595032,11.284732938135784,0.004480038593571884,0.002707599388501564,0.020384533864651347,1.7371102975112507,0.0,0.0,0.00814869646173969,1.2466118599977474,0.0,0.0,0.0
269975371585,54.23453140258789,-0.09614551812410355,-0.26132261753082275,-0.023488519713282585,0.01422941219061613,-0.0022532257717102766,0.9996203780174255,11.424489259571937,0.024626904526808456,0.019367277886777477,0.004219325416151911,1.6562036301829992,0.0,0.0,0.005667459691069274,1.5052522758192086,-1.1232833862304688,-0.0015956014394760132,0.0022615573834627867
269975471585,55.38404846191406,-0.10163620114326477,-0.29393747448921204,-0.023479687049984932,0.014243983663618565,-0.0016329633072018623,0.999621570110321,11.57549753435314,0.0028217771457362158,0.0026400820198912117,-0.006515390534598796,1.5183592902126772,0.0,0.0,-0.002025510914351426,1.513528818219881,-2.258525848388672,0.0015139877796173096,0.0007577799842692912
269975571585,56.5484504699707,-0.10626205801963806,-0.3270185887813568,-0.023486049845814705,0.014233492314815521,-0.0020795678719878197,0.999620795249939,11.720190186388221,-0.02568387443057025,-0.020126313409639093,-0.012178923692983679,1.332809982025399,0.0,0.0,-0.008436974948124978,1.3994122798944868,-3.408519744873047,0.005284979939460754,-0.0004832155827898532
269975671585,57.726593017578125,-0.11253667622804642,-0.3604152798652649,-0.02350613661110401,0.014200295321643353,-0.003491894342005253,0.9996169209480286,11.849406851548173,-0.04339090426300134,-0.03474774485807588,-0.012783368110254078,1.108411732578426,0.0,0.0,-0.011181544093809205,1.2156573608733894,-4.573402404785156,0.0012421831488609314,0.000410331878811121
269975771585,58.92317199707031,-0.11625611782073975,-0.3771163821220398,-0.019297337159514427,0.010467606596648693,-0.004618693608790636,0.9997483491897583,11.98572037514566,-0.0041167635027530075,-0.00435850109492842,0.013359466909976732,1.6158241840235976,0.0,0.0,0.004315098545830429,1.468346308922106,0.0,0.0,-3.4762232155316486e-18
269975871585,60.128868103027344,-0.12779776751995087,-0.4021463394165039,-0.019294248893857002,0.010473299771547318,-0.0043237232603132725,0.9997497200965881,12.13523563520398,0.012966816259609295,0.010364897123744334,0.0025848737881932577,1.5410825655780906,0.0,0.0,0.0032225325243562548,1.5142762739169882,-1.1915512084960938,-0.0019069314002990723,0.002307804534211755
269975971585,61.34951400756836,-0.1385941058397293,-0.42752087116241455,-0.019290849566459656,0.010479558259248734,-0.003999380860477686,0.999751091003418,12.282774870973155,2.5490679299750322e-05,0.00040699801318582396,-0.004529111570455373,1.4087685615446577,0.0,0.0,-0.0016723130216743092,1.4476524777698914,-2.3975563049316406,-0.0005754232406616211,0.001717714942060411
269976071585,62.58443069458008,-0.1490369290113449,-0.4532105624675751,-0.019294586032629013,0.010472673922777176,-0.00435610581189394,0.9997496008872986,12.419444525684069,-0.01804053452806805,-0.014483067503823487,-0.008094515953924184,1.2279864596272971,0.0,0.0,-0.005727670960471891,1.3089423902880335,-3.6185150146484375,0.0015196800231933594,0.0010688673937693238
269976171585,63.83219909667969,-0.16082382202148438,-0.47912001609802246,-0.019304830580949783,0.010453779250383377,-0.005334907211363316,0.9997448325157166,12.5392192829803,-0.028422821048157153,-0.023486354119470084,-0.00799807610001519,1.0072261039000994,0.0,0.0,-0.007161338753916745,1.1184209212258307,-4.853740692138672,-0.001878499984741211,0.0017824964597821236
269976271585,65.08765411376953,-0.17070309817790985,-0.5135898590087891,-0.016272423788905144,0.011003604158759117,-0.0061469776555895805,0.9997881650924683,12.570027855759053,-0.0018324201828983427,-0.002544579064183946,0.009055637996939637,-1.0803445534045495,0.0,0.0,0.0030790174141562127,-0.27000935996625725,0.0,0.0,0.0
269976371585,66.34211730957031,-0.18649287521839142,-0.5409517288208008,-0.016269708052277565,0.011007619090378284,-0.005900270771235228,0.9997896552085876,12.52088242447887,0.010553107199933989,0.008554498971938065,0.0024742111226414756,-0.8708786308170038,0.0,0.0,0.002697107028949845,-0.6494336779814515,-1.2566261291503906,-0.001384437084197998,0.0015386429149657488
269976471585,67.59046936035156,-0.20146256685256958,-0.568204402923584,-0.01626589521765709,0.01101324986666441,-0.00555417500436306,0.9997916221618652,12.453167569643565,0.004434148007649533,0.00392266589329914,-0.0013285201426011188,-0.7246352743089566,0.0,0.0,0.00015508845977497902,-0.6969204039373625,-2.5114822387695312,-0.00022846460342407227,0.0010451247217133641
269976571585,68.8320083618164,-0.21564842760562897,-0.5953310132026672,-0.01626570336520672,0.011013532988727093,-0.0055367895402014256,0.9997917413711548,12.385768486567459,-0.003895821995944786,-0.0029984569955741895,-0.0026377017883822923,-0.6347032445984394,0.0,0.0,-0.001608444119892872,-0.6576328177747522,-3.7602195739746094,0.0021644234657287598,0.0003527887165546417
269976671585,70.06700134277344,-0.22986803948879242,-0.6223111748695374,-0.016268225386738777,0.01100980769842863,-0.005765747278928757,0.9997904896736145,12.322331841417395,-0.006522752638176686,-0.00535481487970239,-0.0015207594698123466,-0.5945018032294087,0.0,0.0,-0.0015530748571078085,-0.6177681695034909,-5.002132415771484,0.0022864937782287598,0.00031801036675460637
269976771585,71.30046844482422,-0.2437182068824768,-0.6312723755836487,-0.015640145167708397,0.008306997828185558,-0.005722962785512209,0.9998268485069275,12.279021462082243,0.010205136908219888,0.0079173634801498,0.007861674910894512,-0.11669940442332447,0.0,0.0,0.004391953759433483,-0.3013637805753006,0.0,0.0,3.725290298461914e-09
269976871585,72.52700805664062,-0.2578207552433014,-0.6514390707015991,-0.015636341646313667,0.008314154110848904,-0.005265399813652039,0.9998293519020081,12.259838533086247,0.008155887430644505,0.006889317613085817,-0.0011624655042869825,-0.004152628700795549,0.0,0.0,0.0008845656413430096,-0.11368711931613998,-1.2298049926757812,0.0001271963119506836,-1.1858532161568291e-05
269976971585,73.75238800048828,-0.2709292769432068,-0.6716172695159912,-0.015636172145605087,0.008314473554491997,-0.005244986619800329,0.9998294711112976,12.254032165427889,-0.008852309855391073,-0.006834457049266735,-0.0064677786461149,0.03724166478547805,0.0,0.0,-0.003758138441579823,-0.018381777947062777,-2.4565887451171875,0.002120077610015869,-0.0009271419257856905
269977071585,74.97750854492188,-0.28433623909950256,-0.691781759262085,-0.01564173400402069,0.008304005488753319,-0.005914205219596624,0.9998257160186768,12.253482229256841,-0.023647174840765763,-0.01914863081632911,-0.008230764081924384,0.01657340144062248,0.0,0.0,-0.006582418223640004,0.003690985204051485,-3.6821975708007812,0.0021557211875915527,-0.0009679748909547925
269977171585,76.2025375366211,-0.29964157938957214,-0.7118855118751526,-0.015650717541575432,0.008287061005830765,-0.006996980868279934,0.999818742275238,12.25159367639799,-0.02768381901092208,-0.022788820070489938,-0.006247011381102732,-0.05756818194864112,0.0,0.0,-0.006370622549171329,-0.03499166815610462,-4.907569885253906,-0.004177093505859375,0.0003706933930516243
269977271585,77.42914581298828,-0.31643685698509216,-0.7328633666038513,-0.014865896664559841,0.008069206029176712,-0.007370705250650644,0.9998297691345215,12.292698144391517,0.018980508084610125,0.014250850178118607,0.019639130837062813,1.175284438021931,0.0,0.0,0.010053470708822274,0.7292480899305613,0.0,0.0,-1.6653344045888368e-16
269977371585,78.6622543334961,-0.3343532383441925,-0.7525113821029663,-0.014855081215500832,0.008089099079370499,-0.006032249890267849,0.9998387694358826,12.379062298701543,0.04055802097707898,0.033218811577420404,0.00975712530277564,1.0939116109509328,0.0,0.0,0.009866340730570966,0.9595181577812145,-1.2265701293945312,-0.0004143714904785156,0.000740971474442631
269977471585,79.90471649169922,-0.348838746547699,-0.7724140882492065,-0.014842676930129528,0.00811183825135231,-0.004501150920987129,0.999846875667572,12.475005285108606,0.030155402985034524,0.025521596999734136,0.00272040104299784,0.9592785814133052,0.0,0.0,0.005353972693017204,0.9593668751238774,-2.4599609375,0.005613088607788086,-0.0019363819155842066
269977571585,81.15657043457031,-0.35988670587539673,-0.7925722599029541,-0.014835349284112453,0.008125229738652706,-0.003598796669393778,0.9998505115509033,12.564313404463059,0.011751687475842817,0.010440215938185284,-0.0016364628084797558,0.779507146336017,0.0,0.0,0.0009397991756573579,0.8457928279153906,-3.70263671875,0.01614934206008911,-0.004999062046408653
269977671585,82.41666412353516,-0.36910131573677063,-0.8129196166992188,-0.014833729714155197,0.00812818668782711,-0.003399516921490431,0.9998512268066406,12.638454517879865,-0.0024730361571064013,-0.0016222026879444576,-0.0032390260323743713,0.5625632875307566,0.0,0.0,-0.0016989576747590855,0.6669449812780638,-4.9546661376953125,0.024568885564804077,-0.006804043892771006
269977771585,83.67839050292969,-0.37966057658195496,-0.8456074595451355,-0.015922145918011665,0.011058452539145947,-0.0029249952640384436,0.9998077750205994,12.680479801886172,0.036271247843510115,0.02906913876032122,0.02216243902718676,-0.002430071611710356,0.0,0.0,0.013368536387147571,0.2442620696032978,0.0,0.0,4.6566125955216364e-10
269977871585,84.947021484375,-0.38666096329689026,-0.8735769987106323,-0.015901390463113785,0.011088277213275433,-0.0010509664425626397,0.9998115301132202,12.696174268699458,0.04649037791376744,0.0391454520145006,0.00807647337914157,0.007334821172884042,0.0,0.0,0.01002681549191331,0.09465222264333233,-1.2663040161132812,0.0013396143913269043,-0.0010178509401157498
269977971585,86.2166519165039,-0.388913631439209,-0.9017197489738464,-0.01588408276438713,0.011113056913018227,0.0005078958347439766,0.9998119473457336,12.701580217891308,0.023628733106984573,0.020847668229368992,-0.0014781247190600558,-0.015492191126963359,0.0,0.0,0.002761917276743201,0.025100539597855638,-2.5352325439453125,0.009974852204322815,-0.00476662116125226
269978071585,87.48649597167969,-0.3877263069152832,-0.9299767017364502,-0.015879036858677864,0.01112026534974575,0.0009616807801648974,0.9998116493225098,12.700699506541083,-0.003800929605290468,-0.002243022960627915,-0.006849651478209624,-0.06690456836974758,0.0,0.0,-0.0033073944634639143,-0.032996915269649825,-3.8051300048828125,0.02097603678703308,-0.007884933613240719
269978171585,88.75594329833984,-0.3859045207500458,-0.9582448601722717,-0.01588507369160652,0.011111640371382236,0.00041866768151521683,0.9998120665550232,12.69336696139894,-0.02198986331470621,-0.01797435496645082,-0.008153550925095891,-0.14242446284616173,0.0,0.0,-0.006367543650068562,-0.10209592669439368,-5.0752716064453125,0.02523714303970337,-0.008792674168944359
269978271585,90.02412414550781,-0.3741912543773651,-0.9856312870979309,-0.008213568478822708,0.011642979457974434,-0.00011912442278116941,0.9998984932899475,12.69647388681925,0.00949641316368376,0.006727393061117722,0.013978813221006183,0.2592347973704812,0.0,0.0,0.006480346821965392,0.12606961647299184,0.0,0.0,-5.82076470356796e-11
269978371585,91.29425048828125,-0.3744143545627594,-1.0152151584625244,-0.00820629857480526,0.011648104526102543,0.0005050582112744451,0.999898374080658,12.71447276172536,0.014177609447907672,0.012020196942521185,-0.00015651126704033767,0.27237392130477917,0.0,0.0,0.002289442949282359,0.21845478871668406,-1.2693023681640625,-0.0006852447986602783,0.0008881138637661934
269978471585,92.56646728515625,-0.37314456701278687,-1.0448724031448364,-0.008204475976526737,0.011649388819932938,0.0006614885060116649,0.9998983144760132,12.73703606925759,-0.010158317863993559,-0.007686445644641207,-0.009184126195466345,0.23793236896158984,0.0,0.0,-0.004955645723304805,0.23075408235595773,-2.5397796630859375,0.0021630525588989258,-0.00036037812242284417
269978571585,93.84088897705078,-0.3720065951347351,-1.0745787620544434,-0.008215466514229774,0.011641641147434711,-0.0002821420202963054,0.9998984932899475,12.757612415666914,-0.03559046835393251,-0.029270044587692175,-0.013372433340378699,0.1629444782925256,0.0,0.0,-0.010270502142847441,0.1879350965552361,-3.8123321533203125,0.003128141164779663,-0.0006732707261107862
269978671585,95.1170654296875,-0.3737417459487915,-1.104278802871704,-0.008236254565417767,0.01162694301456213,-0.0020687549840658903,0.9998964071273804,12.771472811480713,-0.04799161128966458,-0.04032035260709254,-0.012468733484394518,0.0540798662081643,0.0,0.0,-0.011658595140888777,0.10341100462539608,-5.087104797363281,-0.00616881251335144,0.001214182237163186
269978771585,96.39325714111328,-0.3705436885356903,-1.1320035457611084,-0.0018412746721878648,0.011406078934669495,-0.0035042082890868187,0.9999271631240845,12.741064805236727,-0.006528276008413444,-0.007270492227973086,0.012887449774594722,-1.0022762427489684,0.0,0.0,0.0038412262076738357,-0.594785175683721,0.0,0.0,2.168403827983126e-19
269978871585,97.6636962890625,-0.37944161891937256,-1.1609748601913452,-0.0018389911856502295,0.011406447738409042,-0.0033040272537618876,0.9999278783798218,12.672198322115934,0.011443398769707245,0.00920695429757708,0.0024189661007611345,-0.8495184601421583,0.0,0.0,0.0029431272412522138,-0.7556388046179604,-1.2762069702148438,-0.002566725015640259,0.002725468948483467
269978971585,98.92678833007812,-0.3876148760318756,-1.1897810697555542,-0.0018355163047090173,0.011407007463276386,-0.0029994165524840355,0.9999288320541382,12.596720466178228,0.00048028199506976936,0.0008185197804833969,-0.003855723156337343,-0.7533046130997448,0.0,0.0,-0.001350068135073702,-0.754164858340658,-2.5470123291015625,-0.0016079843044281006,0.0023250782396644354
269979071585,100.18240356445312,-0.39525020122528076,-1.2184185981750488,-0.001838659169152379,0.01140650175511837,-0.003274919930845499,0.9999279975891113,12.523045407151166,-0.014292950929107193,-0.011512755926154613,-0.006411534577203302,-0.7069129412223812,0.0,0.0,-0.0045461767499188855,-0.7243272092924243,-3.810455322265625,0.00048545002937316895,0.001715813297778368
269979171585,101.4307632446289,-0.40380218625068665,-1.2468870878219604,-0.0018471565563231707,0.011405128985643387,-0.004019867163151503,0.9999253153800964,12.451358755002143,-0.020589234317499604,-0.01703490078827834,-0.005259681108528515,-0.7040833609574747,0.0,0.0,-0.00499672550952349,-0.7115440487596582,-5.0664215087890625,-0.002257406711578369,0.0022668589372187853
269979271585,102.6792221069336,-0.4147949516773224,-1.2719249725341797,-0.002213888568803668,0.007023873273283243,-0.0042381384409964085,0.9999639391899109,12.399856089472836,0.017694430583223543,0.013426539937653343,0.01687661718556076,-0.17831327781750098,0.0,0.0,0.008815393927112634,-0.37483067128407765,0.0,0.0,0.0
269979371585,103.9176254272461,-0.42484089732170105,-1.2893023490905762,-0.002206844976171851,0.007026089821010828,-0.003235525917261839,0.9999676942825317,12.375021299759162,0.024061306387805043,0.020000675861669672,0.0021117134154658604,-0.03163200586439464,0.0,0.0,0.004582294433237651,-0.15811478001172527,-1.242279052734375,-0.0002014636993408203,0.00046075417776592076
269979471585,105.15446472167969,-0.4324641823768616,-1.3066682815551758,-0.0022029103711247444,0.007027324754744768,-0.00267557124607265,0.9999693632125854,12.36678755998364,-0.0003555978970259735,0.0004583793492206325,-0.007046467819770763,0.04749975236043107,0.0,0.0,-0.002760792326651809,-0.028277629896093635,-2.4808349609375,0.00428280234336853,-0.0015445391181856394
269979571585,106.39098358154297,-0.4392315447330475,-1.324033498764038,-0.0022066053934395313,0.007026165258139372,-0.003201394574716687,0.9999678134918213,12.367467341460962,-0.025705295640567703,-0.020636343569524884,-0.011079297078018017,0.06689616654105009,0.0,0.0,-0.008013587144606935,0.03182072187175715,-3.7178115844726562,0.008027046918869019,-0.0026644840836524963
269979671585,107.62773895263672,-0.44776397943496704,-1.341394305229187,-0.0022159870713949203,0.0070232124999165535,-0.004536852240562439,0.9999626278877258,12.37073440741617,-0.03754204065642231,-0.030893621950449368,-0.009934424694417798,0.0341269448301589,0.0,0.0,-0.009226517332105236,0.03327700714982377,-4.954475402832031,0.0029283761978149414,-0.0016128045972436666
269979771585,108.87443542480469,-0.46321070194244385,-1.3223286867141724,-0.004491476807743311,0.0014071877812966704,-0.005195830017328262,0.9999754428863525,12.408546600947329,0.01619190821310705,0.011661336004458185,0.022005548281239656,0.9689800696395825,0.0,0.0,0.01049525206171142,0.6241351414778363,0.0,0.0,-1.0587911840678754e-22
269979871585,110.1189193725586,-0.4756215214729309,-1.3257780075073242,-0.004489744082093239,0.0014127065660431981,-0.003966888878494501,0.9999811053276062,12.486981835608457,0.03568494353469701,0.029427537332181328,0.006741274650092598,1.0588688935619006,0.0,0.0,0.008124769182413508,0.8986516884284543,-1.2384719848632812,-0.0010040998458862305,0.0013746685581281781
269979971585,111.37230682373047,-0.4848993420600891,-1.3292808532714844,-0.004488126840442419,0.0014178365236148238,-0.002824112307280302,0.9999849796295166,12.583374496510459,0.015039692831001351,0.013342858617992085,-0.003337292493323171,1.075768815906279,0.0,0.0,0.0008869470048757359,1.0104938953147118,-2.4830169677734375,0.0045614540576934814,-0.0010832679690793157
269980071585,112.63569641113281,-0.49186259508132935,-1.3328330516815186,-0.004487989936023951,0.0014182692393660545,-0.002727705519646406,0.9999852776527405,12.685090273825715,-0.011918894850563185,-0.009142745634734613,-0.008629046672530696,1.0285756775643273,0.0,0.0,-0.005122012990989477,1.0219117997265081,-3.736419677734375,0.012419134378433228,-0.003368859877809882
269980171585,113.90916442871094,-0.49915286898612976,-1.3364112377166748,-0.004489211831241846,0.0014143974985927343,-0.003590267151594162,0.9999825954437256,12.783739220954146,-0.0286687264204809,-0.023741818932707315,-0.00923494329781048,0.9257967680206757,0.0,0.0,-0.007719159911982905,0.9612190964628512,-4.9998321533203125,0.013194441795349121,-0.0035616762470453978
269980271585,115.19471740722656,-0.5097276568412781,-1.3350605964660645,-0.004998204298317432,-0.000351916067302227,-0.004243192262947559,0.9999784827232361,12.873363101025893,0.006648579554030202,0.004115103474853518,0.014384338540419728,0.7849014047555299,0.0,0.0,0.006238293452504373,0.8498817005009248,0.0,0.0,9.31322685637781e-10
269980371585,116.48616790771484,-0.5203871130943298,-1.3340997695922852,-0.004998452961444855,-0.00034836592385545373,-0.003532939124852419,0.9999812841415405,12.955867848879267,0.022653594719995288,0.018935472059269015,0.004999774869753869,0.7824964625242167,0.0,0.0,0.0054562197279753935,0.807330684491396,-1.282958984375,-0.001131594181060791,0.0013231575721874833
269980471585,117.78565216064453,-0.5291184782981873,-1.3331528902053833,-0.004998726770281792,-0.00034441956086084247,-0.002743462100625038,0.9999837875366211,13.033460960234772,0.011605507687819299,0.010485658067978606,-0.0013037940236996749,0.722131012735726,0.0,0.0,0.0011875481018310088,0.753530583672056,-2.5744400024414062,0.002229660749435425,-9.737677464727312e-05
269980571585,119.09255981445312,-0.5361233353614807,-1.3322184085845947,-0.004998789168894291,-0.0003435112303122878,-0.002561749890446663,0.9999842643737793,13.103596175462854,-0.004395361739923038,-0.003105040434604291,-0.004559180840843909,0.6119495016797627,0.0,0.0,-0.002441275696739019,0.6641279330710023,-3.8739471435546875,0.007900446653366089,-0.0016763588646426797
269980671585,120.40595245361328,-0.5429931282997131,-1.3312809467315674,-0.004998654127120972,-0.00034546913229860365,-0.002953427378088236,0.9999831914901733,13.162472101809158,-0.013680396983965998,-0.011463732349797202,-0.004499858952042968,0.45962240258839554,0.0,0.0,-0.0037411866517713917,0.5349910721963632,-5.180877685546875,0.009621739387512207,-0.0020397892221808434
269980771585,121.7247543334961,-0.5510665774345398,-1.3272634744644165,-0.005013308022171259,-0.00037011600215919316,-0.003145709866657853,0.9999824166297913,13.212391283828657,0.011033639471369447,0.008305761967718098,0.011264135418066703,0.4378532951929022,0.0,0.0,0.005734059244703941,0.4736525471942997,0.0,0.0,0.0
269980871585,123.04827880859375,-0.5590558052062988,-1.3262453079223633,-0.005013593006879091,-0.00036623748019337654,-0.002372103277593851,0.9999845623970032,13.258014491887012,0.022196392074310203,0.018946399190886178,0.005032412994606991,0.426383810940723,0.0,0.0,0.005290998394622491,0.4438042775514536,-1.3187942504882812,-0.0002415180206298828,0.00038479873910546303
269980971585,124.37615203857422,-0.564915657043457,-1.3252454996109009,-0.0050139045342803,-0.0003619457711465657,-0.001516128540970385,0.9999862313270569,13.298651761072605,0.015435908001351313,0.013842665374850752,0.001055497528183301,0.34223732235262505,0.0,0.0,0.0026164531887641618,0.3796689080481465,-2.6423416137695312,0.003514111042022705,-0.001162439351901412
269981071585,125.7076644897461,-0.5686923861503601,-1.3242639303207397,-0.005014079622924328,-0.0003595134476199746,-0.0010310262441635132,0.9999868273735046,13.329838836438096,0.005974789994365981,0.005696916419360074,-0.0006879763845262166,0.19570523186739516,0.0,0.0,0.0005298413447273329,0.26350338626064984,-3.97021484375,0.009875982999801636,-0.002874413738027215
269981171585,127.04161071777344,-0.5713592171669006,-1.3232917785644531,-0.005014144349843264,-0.0003586120728868991,-0.0008512574713677168,0.999987006187439,13.346342219020496,0.002595858850989019,0.002425908255914699,0.00044030643780792886,-0.003684157293376366,0.0,0.0,0.0004733037205809864,0.09478540314328199,-5.301727294921875,0.014763891696929932,-0.0038446313701570034
269981271585,128.37612915039062,-0.5760694146156311,-1.3158378601074219,-0.006678929086774588,-0.000665854720864445,-0.0004185735306236893,0.9999774098396301,13.326303194171274,0.021396116314287807,0.01772349755918653,0.011127589508722379,-0.706144924236182,0.0,0.0,0.007201048531662636,-0.41096927260069527,0.0,0.0,-1.1641531488804091e-10
269981371585,129.70643615722656,-0.5766775608062744,-1.3140654563903809,-0.0066796583123505116,-0.0006584966322407126,0.0006830317433923483,0.9999772906303406,13.277886801036159,0.02678179623833317,0.023259432283112367,0.005218778429022352,-0.609575836762175,0.0,0.0,0.005949326204855508,-0.5363811780116953,-1.3340606689453125,0.0010928511619567871,-0.0008634543628431857
269981471585,131.03150939941406,-0.5743550658226013,-1.312339186668396,-0.006680320482701063,-0.0006517472793348134,0.0016933997394517064,0.9999760985374451,13.223239895480166,0.01793601490159531,0.016085172038773212,0.0013831837427836688,-0.5637536493605276,0.0,0.0,0.003065994382645924,-0.5536657718123008,-2.6643600463867188,0.006469428539276123,-0.0030667148530483246
269981571585,132.35104370117188,-0.5695787668228149,-1.3106529712677002,-0.0066806962713599205,-0.0006478807190433145,0.0022721667774021626,0.9999749660491943,13.167542217948522,0.007917205867236907,0.007348108010502376,-0.00029881476258167966,-0.5626498567320085,0.0,0.0,0.000941255313577443,-0.5593388532278711,-3.989410400390625,0.0140303373336792,-0.0050874981097877026
269981671585,133.66493225097656,-0.5634824633598328,-1.3089919090270996,-0.006680855993181467,-0.0006462319288402796,0.002518958877772093,0.9999744296073914,13.110096730162109,0.003710860181548784,0.0033909539405774453,0.00045425271879533753,-0.6003547110519106,0.0,0.0,0.0006337331346928297,-0.5852386864156462,-5.308937072753906,0.019879937171936035,-0.006245061289519072
269981771585,134.97100830078125,-0.5581045746803284,-1.31572687625885,-0.007567916065454483,0.0003921095631085336,0.0036596341524273157,0.9999646544456482,13.039559112793638,0.06243219054640471,0.05103490080406688,0.033559591230405646,-0.911220035066206,0.0,0.0,0.02142506306132187,-0.7910825477971593,0.0,0.0,0.0
269981871585,136.27098083496094,-0.547152578830719,-1.3168401718139648,-0.007566640619188547,0.00041600639815442264,0.0068174139596521854,0.9999481439590454,12.960856539418913,0.07650953539062935,0.06545690499406405,0.013781568806295502,-0.7800747787378998,0.0,0.0,0.016598509706612516,-0.7841315927878195,-1.307647705078125,0.002890348434448242,-0.002296364400535822
269981971585,137.56312561035156,-0.5281261205673218,-1.3180700540542603,-0.007565490435808897,0.00043642849777825177,0.009516416117548943,0.9999260902404785,12.885827196737829,0.044134590228697146,0.03914588148951919,0.00038884788611789027,-0.6923150313482465,0.0,0.0,0.006362772617261805,-0.726153197325217,-2.6076202392578125,0.017914533615112305,-0.008612195029854774
269982071585,138.8479461669922,-0.5029940605163574,-1.3193870782852173,-0.007565004751086235,0.0004447702085599303,0.010618963278830051,0.9999150037765503,12.816228116049887,0.004672025565661349,0.00551959669201719,-0.007634245905832856,-0.6443104941061846,0.0,0.0,-0.002475770914598082,-0.674472884551967,-3.899749755859375,0.0375514030456543,-0.014010539278388023
269982171585,140.12596130371094,-0.475914865732193,-1.3207285404205322,-0.007565176580101252,0.00044183770660310984,0.01023135706782341,0.999919056892395,12.750388058468173,-0.023681822745772685,-0.019073166722046436,-0.010608418362540728,-0.630862243141032,0.0,0.0,-0.007611204462771874,-0.6469345518758409,-5.184722900390625,0.04830121994018555,-0.01621580682694912
269982271585,141.3998565673828,-0.4519174098968506,-1.3257558345794678,-0.008599700406193733,0.000793269369751215,0.009439803659915924,0.9999181628227234,12.766173802699685,-0.006792935791851943,-0.006539938442082238,0.006492075448747516,1.5367899925040005,0.0,0.0,0.001294438780772912,0.7319979983130543,0.0,0.0,0.0
269982371585,142.68081665039062,-0.4277883768081665,-1.3279956579208374,-0.008599797263741493,0.0007922161603346467,0.00931734312325716,0.9999192953109741,12.865117335192346,-0.00263786965337842,-0.002269700960360211,-0.002465294059350764,1.4305290632632466,0.0,0.0,-0.0010796784157405376,1.173091736649673,-1.2746734619140625,-0.0014939308166503906,0.0015785604482516646
269982471585,143.9730987548828,-0.40379780530929565,-1.3302491903305054,-0.008600088767707348,0.0007890398846939206,0.00894803274422884,0.9999226927757263,12.985900812844369,-0.01673537317995947,-0.013751908074274996,-0.00785233164377037,1.267363585101714,0.0,0.0,-0.005356331353176121,1.2326205452311194,-2.55584716796875,-0.0020799636840820312,0.0018235001480206847
269982571585,145.2774200439453,-0.38086050748825073,-1.332501769065857,-0.008600876666605473,0.0007804149645380676,0.007945260964334011,0.9999312162399292,13.102675988446085,-0.030524294290335315,-0.025763040482430187,-0.009675716799249291,1.0566054156160403,0.0,0.0,-0.008083846233077775,1.1214742048299868,-3.848358154296875,-0.004847526550292969,0.002562180859968066
269982671585,146.5927276611328,-0.3606109321117401,-1.334723711013794,-0.00860197190195322,0.0007682494469918311,0.006530994549393654,0.9999414682388306,13.203230350607072,-0.03399802538082948,-0.029391939597635846,-0.00758420286253878,0.8069078798051873,0.0,0.0,-0.007768341922382778,0.9228384630252982,-5.1528778076171875,-0.014793157577514648,0.004567871335893869
269982771585,147.91648864746094,-0.34003955125808716,-1.3369979858398438,-0.005982657894492149,0.0008072226773947477,0.005363547708839178,0.9999674558639526,13.268033168779384,-0.015559714610276438,-0.014530198518524707,0.0024767800569674603,0.17716758078599606,0.0,0.0,-0.0012989672870421447,0.451977862088172,0.0,0.0,0.0
269982871585,149.2451629638672,-0.32600411772727966,-1.3392258882522583,-0.005982932634651661,0.0008051826735027134,0.005022578407078981,0.9999692440032959,13.30453593375928,0.00015533130539491995,-0.000587146499402338,0.0025926828525788485,0.21604694567056484,0.0,0.0,0.0011584502774952981,0.3029971579597922,-1.3239593505859375,-0.0024442672729492188,0.0023304098285734653
269982971585,150.57693481445312,-0.3125831186771393,-1.3414512872695923,-0.005982791539281607,0.0008062306442297995,0.0051977364346385,0.9999683499336243,13.33137432957472,0.008207179493882874,0.006791961031352264,0.0032125170089051264,0.20907761785487755,0.0,0.0,0.0024555092327975137,0.24369081766025705,-2.6527252197265625,-0.0040482282638549805,0.003012370551005006
269983071585,151.91110229492188,-0.2985403835773468,-1.343687891960144,-0.005982410162687302,0.0008090537157841027,0.005669605918228626,0.9999657869338989,13.352756232466959,0.013858559222287641,0.011865592764279806,0.004334714834880694,0.16263663381860463,0.0,0.0,0.003642150551584231,0.19250842255648698,-3.98455810546875,-0.0027080774307250977,0.0026620428543537855
269983171585,153.24710083007812,-0.28311431407928467,-1.345943808555603,-0.005981813184916973,0.0008134562522172928,0.006405521184206009,0.9999613761901855,13.367948303683942,0.02055047104320344,0.01769385255524725,0.006317595856368166,0.08237763098389114,0.0,0.0,0.005331584608874793,0.12296534137055425,-5.3188018798828125,0.0021255016326904297,0.0017182726878672838
269983271585,154.5813446044922,-0.2661392092704773,-1.3608137369155884,-0.006329651456326246,0.0024881167337298393,0.006971342023462057,0.9999525547027588,13.365397386968741,0.00022606180027825778,0.0013674751471024257,-0.007285421096583762,-0.27990574931594747,0.0,0.0,-0.002635537388243524,-0.13143124079337695,0.0,0.0,-2.168404344971009e-19
269983371585,155.91700744628906,-0.24766476452350616,-1.367577314376831,-0.006330627948045731,0.0024856305681169033,0.00657862052321434,0.9999552369117737,13.350346731279554,-0.01842174634804284,-0.015280406187991036,-0.007212395636538749,-0.1831902496513419,0.0,0.0,-0.005525635790268462,-0.16411493355281898,-1.336883544921875,0.0011408329010009766,-0.0011511817574501038
269983471585,157.2510986328125,-0.230564147233963,-1.3743157386779785,-0.006333031691610813,0.0024795003701001406,0.005610502324998379,0.9999611377716064,13.334240548356558,-0.02568487743012113,-0.022171970111262162,-0.006714074248855752,-0.1558306328956602,0.0,0.0,-0.006276085968913925,-0.15888373721850677,-2.67266845703125,-0.0008511543273925781,-0.0003657024062704295
269983571585,158.58358764648438,-0.21616090834140778,-1.3810120820999146,-0.006335834041237831,0.0024723317474126816,0.004478820599615574,0.9999669194221497,13.31724510493248,-0.025433960138762417,-0.02230829765395262,-0.0052421626061452805,-0.18892299330631737,0.0,0.0,-0.005623205740502454,-0.17785229628404836,-4.00689697265625,-0.008198857307434082,0.0015706151025369763
269983671585,159.9142303466797,-0.20475585758686066,-1.387661337852478,-0.0063382843509316444,0.002466044155880809,0.003486653557047248,0.9999709129333496,13.295917790219887,-0.018674833688950582,-0.016698934545596063,-0.002259726438733942,-0.2739633186657127,0.0,0.0,-0.0034993064130749768,-0.2385424678238146,-5.3394622802734375,-0.01977694034576416,0.0038340610917657614
269983771585,161.24298095703125,-0.19585871696472168,-1.3971307277679443,-0.0063487752340734005,0.0023335691075772047,0.0030021793209016323,0.9999725818634033,13.278027951970765,-0.0005608092162820166,-0.0014286613286390965,0.0049016858328642145,-0.07670406236251323,0.0,0.0,0.0018055758769667523,-0.13634814769511291,0.0,0.0,4.656612873077393e-10
269983871585,162.5701904296875,-0.18786273896694183,-1.4033764600753784,-0.006348419934511185,0.0023345358204096556,0.003154439851641655,0.9999721050262451,13.26802299885129,0.006346183431339312,0.005268710979291432,0.0014962985299914254,-0.037855393851899635,0.0,0.0,0.0016102799080324204,-0.07415401035224604,-1.32861328125,-0.0009773969650268555,0.00097066251328215
269983971585,163.89659118652344,-0.1794053316116333,-1.4096243381500244,-0.006347910966724157,0.002335919300094247,0.003372367937117815,0.9999713897705078,13.26081775088722,0.002769267547136823,0.00260095657747131,-0.0007195106550586658,-0.06845171183449177,0.0,0.0,0.0001391126535188384,-0.07055324254603983,-2.6558685302734375,-0.0002351999282836914,0.0006661335355602205
269984071585,165.22215270996094,-0.17047181725502014,-1.4158743619918823,-0.006347845308482647,0.0023360978811979294,0.0034005071502178907,0.9999712705612183,13.25050681698012,-0.001742775341278622,-0.0013096825289822878,-0.0013060638107566802,-0.15889103363228563,0.0,0.0,-0.0007734570533543102,-0.12633493710734003,-3.9822998046875,0.001372218132019043,0.00023026482085697353
269984171585,166.54629516601562,-0.16155341267585754,-1.4221175909042358,-0.0063480595126748085,0.0023355165030807257,0.0033089087810367346,0.9999715685844421,13.231465297672363,-0.002010036868354308,-0.0017543458241913298,-0.0001172475136750815,-0.3002104587109949,0.0,0.0,-0.00035908762368563614,-0.2361302027407364,-5.3079071044921875,0.0016387701034545898,0.0001739850122248754
269984271585,167.86692810058594,-0.1525827944278717,-1.4301320314407349,-0.006151037290692329,0.0023878791835159063,0.003411866957321763,0.999972403049469,13.173776800186259,0.009041228771675834,0.007299206806061312,0.005542508665935784,-1.1607350259307414,0.0,0.0,0.0033675285572686703,-0.8199802538104449,0.0,0.0,0.0
269984371585,169.18002319335938,-0.14345157146453857,-1.4364608526229858,-0.006150366738438606,0.002389606088399887,0.003692612051963806,0.9999714493751526,13.088007144709266,1.0033933991333713e-05,0.000525793318911549,-0.004423616903804181,-0.9223197560954525,0.0,0.0,-0.001552260482598935,-0.8846034551359602,-1.320770263671875,0.0003000497817993164,-0.00020749028772115707
269984471585,170.48451232910156,-0.13392587006092072,-1.442753791809082,-0.006151390261948109,0.002386969979852438,0.0032640655990689993,0.9999729990959167,13.004035758792757,-0.02232763379619239,-0.018254288346646552,-0.010587027945789782,-0.762799916810048,0.0,0.0,-0.007257345847163296,-0.807689512780891,-2.633880615234375,0.001569509506225586,-0.0007689959020353854
269984571585,171.78102111816406,-0.12601827085018158,-1.448988914489746,-0.006154588423669338,0.0023787114769220352,0.00192189309746027,0.9999765157699585,12.928224408319887,-0.04099435827012361,-0.0344051925611598,-0.01292549562022358,-0.6731698525738075,0.0,0.0,-0.010836550120675867,-0.7227458606260007,-3.938446044921875,-0.0017361640930175781,8.812128362478688e-05
269984671585,173.0703125,-0.12194190919399261,-1.4551427364349365,-0.006159100215882063,0.0023670049849897623,2.0541599951684475e-05,0.9999783635139465,12.858825364313956,-0.046991826836185344,-0.03994469783649038,-0.010912019712706935,-0.6447208328812631,0.0,0.0,-0.010884206074934821,-0.673476253447974,-5.2349700927734375,-0.015270769596099854,0.0027725344989448786
269984771585,174.35614013671875,-0.12115605920553207,-1.4515807628631592,-0.0050699105486273766,-4.117203843634343e-06,-0.0010637042578309774,0.9999866485595703,12.785050024225868,0.007247879315128695,0.003853335840402021,0.01955552883197351,-0.8478860208227953,0.0,0.0,0.00833723895130927,-0.783608873389888,0.0,0.0,-7.275958481545164e-12
269984871585,175.63088989257812,-0.1234946995973587,-1.4515602588653564,-0.005069912411272526,2.5743520382093266e-07,-0.00020085257710888982,0.9999871850013733,12.7111349998809,0.027316693243366254,0.022640053067327807,0.0051577525483464046,-0.6629747193342846,0.0,0.0,0.006329523598559226,-0.7074333492744992,-1.2822723388671875,-0.0019537806510925293,0.002192504471167922
269984971585,176.898681640625,-0.12348293513059616,-1.4515635967254639,-0.0050699105486273766,4.587199327943381e-06,0.0006531481631100178,0.999987006187439,12.646353244124896,0.009564002892182188,0.008750412729909198,-0.0037562031780040382,-0.5456717157850964,0.0,0.0,-3.9199499007289064e-05,-0.605287507499565,-2.5570526123046875,0.0020857974886894226,0.0004667786124628037
269985071585,178.1604461669922,-0.12174173444509506,-1.4515844583511353,-0.005069911014288664,4.3094200918858405e-06,0.0005983591545373201,0.9999870657920837,12.590135509552898,-0.013417240499836261,-0.010518570796384201,-0.008034491119819501,-0.4883122902138005,0.0,0.0,-0.0050878984718539235,-0.5314224519934149,-3.8248138427734375,0.008097618818283081,-0.0012412451906129718
269985171585,179.4168701171875,-0.12057414650917053,-1.4515994787216187,-0.005069912876933813,2.2004769562045112e-08,-0.00024728872813284397,0.9999871850013733,12.538754678354929,-0.02638980116521033,-0.02175091392513305,-0.007913642634869844,-0.4836282018594976,0.0,0.0,-0.0068722400981442965,-0.5012423418732326,-5.0865936279296875,0.0074472129344940186,-0.001131665543653071
269985271585,180.66876220703125,-0.12085339426994324,-1.4477016925811768,-0.004513065796345472,-0.00043046139762736857,-0.0006344766006805003,0.9999895095825195,12.48542661003654,0.018144647153906616,0.013557594635567702,0.019646789948270422,-0.5881752547082636,0.0,0.0,0.009873440498134189,-0.556136913397592,0.0,0.0,0.0
269985371585,181.91461181640625,-0.12189029902219772,-1.446626901626587,-0.004513596650213003,-0.0004248564364388585,0.0006073801196180284,0.9999895095825195,12.432113042120255,0.035639153943482535,0.02938521636629245,0.007286536958008768,-0.4937253087693854,0.0,0.0,0.008239916936355993,-0.5167265430041069,-1.251251220703125,-0.0004790499806404114,0.0007787299109622836
269985471585,183.15528869628906,-0.11969806253910065,-1.4455856084823608,-0.004514112137258053,-0.0004193451313767582,0.0018283462850376964,0.9999880790710449,12.382060282028183,0.019806685397774353,0.017008119690328338,-0.0008266499826370899,-0.472772294358783,0.0,0.0,0.002514751518747923,-0.4889712364421495,-2.4970855712890625,0.0051839351654052734,-0.0017050092574208975
269985571585,184.39100646972656,-0.11487489938735962,-1.4445723295211792,-0.004514273256063461,-0.0004176040820311755,0.002214023843407631,0.9999873042106628,12.332177349131815,-0.0024860269874693447,-0.001416385726230548,-0.005591020541609443,-0.5157202085436365,0.0,0.0,-0.002603711323649051,-0.5058621160220693,-3.7377471923828125,0.013630986213684082,-0.004146968480199575
269985671585,185.6215362548828,-0.10954730212688446,-1.4435679912567139,-0.004514090251177549,-0.00041957973735406995,0.0017763773212209344,0.9999881982803345,12.277641370811796,-0.0186188256204868,-0.014979440446050955,-0.007190472258711309,-0.6130351817150171,0.0,0.0,-0.0055000628665074006,-0.5735375145369072,-4.973480224609375,0.01716744899749756,-0.004918334074318409
269985771585,186.84915161132812,-0.11100254207849503,-1.426095724105835,-0.008137034252285957,-0.002727390732616186,0.001686022849753499,0.999961793422699,12.199292923525599,0.024232029600826523,0.018639067189025468,0.020940743073504117,-1.1432080992614024,0.0,0.0,0.011196222412579445,-0.9332611409363316,0.0,0.0,-2.3283067140944524e-10
269985871585,188.06431579589844,-0.10620728135108948,-1.4195111989974976,-0.008141052909195423,-0.0027153731789439917,0.0031624785624444485,0.9999582171440125,12.103747579260629,0.041573712020300455,0.03385711177444043,0.008687656759703764,-0.9934777861037167,0.0,0.0,0.00961216601593419,-0.971285484390356,-1.2241668701171875,0.00011390447616577148,0.00019841015455313027
269985971585,189.2698516845703,-0.09773923456668854,-1.413039207458496,-0.008144989609718323,-0.0027035418897867203,0.00461534783244133,0.9999526143074036,12.008617347070318,0.026380445568628754,0.02196595302500667,0.0008756105641222185,-0.9170631229445624,0.0,0.0,0.004095389314385938,-0.9370462854317959,-2.4393310546875,0.006673455238342285,-0.0027546193450689316
269986071585,190.46600341796875,-0.08621469885110855,-1.4066684246063232,-0.008146793581545353,-0.0026981020346283913,0.00528312474489212,0.9999493360519409,11.916084203544496,0.005598540647407177,0.005018765615804176,-0.0033506144421952457,-0.905259182624584,0.0,0.0,-0.0006064568846704895,-0.9169740327981591,-3.644866943359375,0.01647508144378662,-0.005660487804561853
269986171585,191.65289306640625,-0.07358121871948242,-1.4003664255142212,-0.008146639913320541,-0.0026985672302544117,0.005226029083132744,0.9999496340751648,11.823190441935175,-0.007865109979401923,-0.006104925788135142,-0.004067178101188283,-0.9494360486590621,0.0,0.0,-0.002791760495818448,-0.9374724653640024,-4.841064453125,0.022510528564453125,-0.006996107287704945
269986271585,192.8294219970703,-0.06575018167495728,-1.392948865890503,-0.011059031821787357,-0.0026023932732641697,0.005468458868563175,0.9999205470085144,11.704199891050914,0.028760743865291195,0.022324774534452592,0.019679256968458927,-1.6224248963470178,0.0,0.0,0.0113977660619622,-1.369991852868402,0.0,0.0,0.0
269986371585,193.9927978515625,-0.05227408930659294,-1.387049674987793,-0.011062904261052608,-0.0025858834851533175,0.006960951257497072,0.9999113082885742,11.564250549025683,0.039319392905722575,0.03139843501839719,0.007007553077158799,-1.4500414771923098,0.0,0.0,0.00862552649420729,-1.420539909808421,-1.1767425537109375,0.0007348060607910156,-0.0005024261772632599
269986471585,195.14210510253906,-0.035486940294504166,-1.381298542022705,-0.011066120117902756,-0.0025720889680087566,0.008207559585571289,0.9999018311500549,11.425635749707588,0.020539275683937666,0.016657632272710783,-0.0010008045280248204,-1.3272208000138646,0.0,0.0,0.002546892987242373,-1.3616127166413408,-2.340179443359375,0.007035970687866211,-0.0034876624122262
269986571585,196.27783203125,-0.01646723411977291,-1.375669002532959,-0.011067071929574013,-0.0025679892860352993,0.00857797171920538,0.9998987317085266,11.293642056528544,-0.002147879492446168,-0.0013822457185280563,-0.00547652263914313,-1.2485295411846171,0.0,0.0,-0.0025195651424661076,-1.2902053260355433,-3.4896087646484375,0.015016555786132812,-0.005981110967695713
269986671585,197.4006805419922,0.0027532465755939484,-1.370112657546997,-0.01106603629887104,-0.00257244985550642,0.00817493349313736,0.9999021291732788,11.167651297716297,-0.017513163547201324,-0.013582442206977848,-0.006792069166817702,-1.2079953706712505,0.0,0.0,-0.005217476325977852,-1.2382931085843294,-4.6254730224609375,0.018132448196411133,-0.006722009740769863
269986771585,198.5066375732422,0.0217820443212986,-1.3763947486877441,-0.01033095084130764,0.00013032980496063828,0.008510278537869453,0.9999104142189026,11.0327826724504,0.049668324150078144,0.037925231437658594,0.03484150576627125,-1.5378341328329515,0.0,0.0,0.02007812905456415,-1.4274409887583135,0.0,0.0,0.0
269986871585,199.60256958007812,0.041598621755838394,-1.3768972158432007,-0.010330576449632645,0.00015722238458693027,0.011113166809082031,0.999884843826294,10.88902043958679,0.07276989886842089,0.05639413199286967,0.014823029276105007,-1.45506706101832,0.0,0.0,0.016759748923856923,-1.4448857211405344,-1.1101837158203125,0.0011010169982910156,-0.0007265285239554942
269986971585,200.68405151367188,0.06696966290473938,-1.3775132894515991,-0.010330181568861008,0.00018133060075342655,0.013446584343910217,0.9998562335968018,10.747265483746277,0.043226712194441116,0.03362634011964681,0.0005547696998757446,-1.3707117110293885,0.0,0.0,0.006526968702289014,-1.3980478737648039,-2.2062530517578125,0.011422157287597656,-0.005932833533734083
269987071585,201.75152587890625,0.09636315703392029,-1.378211259841919,-0.0103300204500556,0.00019030536350328475,0.01431525032967329,0.9998441934585571,10.611584352504043,0.0014295599922116353,0.0013757365681864695,-0.009395935559743005,-1.2861564884387344,0.0,0.0,-0.003527692741603365,-1.3273930497811945,-3.2879486083984375,0.025434017181396484,-0.010600270703434944
269987171585,202.8057861328125,0.12645071744918823,-1.378922462463379,-0.010330145247280598,0.00018341965915169567,0.013648781925439835,0.9998535513877869,10.483491124855629,-0.035266643726211314,-0.026720600763347938,-0.016015657297048336,-1.201326275096569,0.0,0.0,-0.01141333054121816,-1.2477870483936302,-4.35577392578125,0.03231954574584961,-0.012337863445281982
269987271585,203.84869384765625,0.15068261325359344,-1.3809491395950317,-0.012731453403830528,0.0008738013566471636,0.013287832960486412,0.9998303055763245,10.419451910707448,0.03315183665510619,0.024821189250355806,0.033805575167573314,0.40031976172447603,0.0,0.0,0.017140555124559784,-0.2070751451873344,0.0,0.0,3.7252898543727042e-09
269987371585,204.8899688720703,0.17920123040676117,-1.383143663406372,-0.012729581445455551,0.0009006644249893725,0.015397574752569199,0.9998000860214233,10.419988403939838,0.0661491448507636,0.050195167564052824,0.015978560543256377,0.3693602751694372,0.0,0.0,0.016406803170621185,0.15692019765821016,-1.0442657470703125,-8.0108642578125e-05,0.0007077772170305252
269987471585,205.9324188232422,0.21252748370170593,-1.3854624032974243,-0.012727572582662106,0.0009286237182095647,0.01759367249906063,0.9997639060020447,10.441431100203145,0.04454855101061062,0.03400152226000869,0.0024423521532217006,0.31295919288916435,0.0,0.0,0.0075888246838340025,0.2554524279143106,-2.0859222412109375,0.0078582763671875,-0.003512483322992921
269987571585,206.97714233398438,0.2500123083591461,-1.387890338897705,-0.012726625427603722,0.00094151048688218,0.018605967983603477,0.9997456073760986,10.466213656095668,0.008195277820750173,0.006407750360179841,-0.006792905795361557,0.23475766314466837,0.0,0.0,-0.0014926486809481163,0.242384532133771,-3.1288604736328125,0.020364761352539062,-0.007905633188784122
269987671585,208.02410888671875,0.2890070080757141,-1.390359878540039,-0.012726932764053345,0.000937347300350666,0.018278928473591805,0.999751627445221,10.486654106848276,-0.02433447331430593,-0.01839401310949485,-0.012585495697276584,0.13932944146352166,0.0,0.0,-0.008497326933270963,0.17730946607124634,-4.1742095947265625,0.02808380126953125,-0.009930719621479511
269987771585,209.06607055664062,0.3207832872867584,-1.4084713459014893,-0.016751490533351898,0.004810127429664135,0.018184052780270576,0.9996827840805054,10.47026138297725,0.03647207816250678,0.02741584978806714,0.03168754742988477,-0.7486030343677339,0.0,0.0,0.016877774256674808,-0.4073663295862557,0.0,0.0,0.0
269987871585,210.10983276367188,0.35948413610458374,-1.4191830158233643,-0.016741400584578514,0.004845131654292345,0.020273573696613312,0.9996426105499268,10.416645600823498,0.06240517308457964,0.047399270849373766,0.013924163221116715,-0.7568294754814815,0.0,0.0,0.015012689940976542,-0.6280379835302238,-1.048309326171875,0.00035572052001953125,9.615720773581415e-05
269987971585,211.14720153808594,0.40254610776901245,-1.4299839735031128,-0.01673169620335102,0.004878538195043802,0.02226881869137287,0.9996001720428467,10.348034598115833,0.03838517072493319,0.029230462223152863,0.0008143288113409155,-0.785610807005056,0.0,0.0,0.0060470068050792495,-0.727538763458638,-2.0928497314453125,0.008211135864257812,-0.004084295593202114
269988071585,212.1771240234375,0.4488859176635742,-1.4408283233642578,-0.01672804355621338,0.004891054704785347,0.023016631603240967,0.9995832443237305,10.271440523168671,0.0007196365429959898,0.0006740732160719857,-0.008846849903738279,-0.8317388052268732,0.0,0.0,-0.0033578532843008637,-0.7933368192139105,-3.1311187744140625,0.019562721252441406,-0.008076298981904984
269988171585,213.1990509033203,0.4956923723220825,-1.4516161680221558,-0.01673125848174095,0.004880046006292105,0.02235887199640274,0.9995982050895691,10.1885051512886,-0.034623765775178665,-0.026006454603787074,-0.015912951001027128,-0.8910651617023206,0.0,0.0,-0.011285882923823353,-0.8550482621154912,-4.162109375,0.025182723999023438,-0.009572532027959824
